Número da Issue,ID,Quant. comentários,Título
25,MDU6SXNzdWUzMjA0ODY3MjQ=,0,Mark
32,MDU6SXNzdWUzMjEyMjQ4ODU=,0,Java
34,MDU6SXNzdWUzMjE0MDI5MjM=,0, Gitbook 
37,MDU6SXNzdWUzMjE0NjUyNzk=,0,
43,MDU6SXNzdWUzMjI3MTYyNzg=,0,
52,MDU6SXNzdWUzMjU1MzMxMzg=,0,Broken sphinx link
54,MDU6SXNzdWUzMjcyODEwNTk=,0,VPSdigitaloceanvultr
57,MDU6SXNzdWUzMjkzMzEyMDI=,0,data structure and algorithm recommendation
63,MDU6SXNzdWUzNDAzMjk4MDI=,0,
80,MDU6SXNzdWUzODc1NjI3NjI=,0,python----yieldactor
81,MDU6SXNzdWUzOTMyOTY4MDQ=,0,
82,MDU6SXNzdWUzOTM5Njg0NDI=,0,sharingjdbc
83,MDU6SXNzdWUzOTYxNDUzOTU=,0,2018
89,MDU6SXNzdWU0MTk3ODUyMjU=,0, web  squid  ATS 
113,MDU6SXNzdWU1MDAxNTM3Mjk=,0,
115,MDU6SXNzdWU1MTExMjA5NjM=,0,
116,MDU6SXNzdWU1MjEyNjgyNjY=,0,Saga
118,MDU6SXNzdWU1MzM4Njc0MzY=,0,
122,MDU6SXNzdWU1MzkwMDkxMTM=,0,K8S~
123,MDU6SXNzdWU1Mzk1NTI1MjM=,0,
126,MDU6SXNzdWU1NTE3Njc2Njk=,0,
4,MDU6SXNzdWUzMTg2MTcyMzE=,1,vert.x
6,MDU6SXNzdWUzMTkyMTE4Mjk=,0,sharing code about plt
7,MDU6SXNzdWUzMTkzNzExNTc=,1, ^_^
10,MDU6SXNzdWUzMTkzODcyNjE=,1,
11,MDU6SXNzdWUzMTkzODg3MzI=,1,
12,MDU6SXNzdWUzMTk0MzkwMzc=,1,Redis   
14,MDU6SXNzdWUzMTk0ODAwODA=,1,
17,MDU6SXNzdWUzMTk3NzAwODg=,1,kmp  kpm
18,MDU6SXNzdWUzMTk3NzYxNDY=,1,
20,MDU6SXNzdWUzMjAxOTE1MTQ=,1, gitbook  
36,MDU6SXNzdWUzMjE0MjE3ODE=,1,
38,MDU6SXNzdWUzMjE1MjY5NzU=,1,?
49,MDU6SXNzdWUzMjQ2MDg0MDI=,1,
60,MDU6SXNzdWUzMzMxNjY2Nzg=,1,consider adding link to the design patterns section
74,MDU6SXNzdWUzNTY4NTg3MDE=,1,
75,MDU6SXNzdWUzNTg0NDQ3MTc=,1, 
78,MDU6SXNzdWUzNjgwMTg2MzY=,1,
86,MDU6SXNzdWU0MTQ0NDc1OTg=,1,
91,MDU6SXNzdWU0MjUzMTA1MjM=,1,  12 
100,MDU6SXNzdWU0NTEzMzM2OTY=,1,
105,MDU6SXNzdWU0NjIzNzg1MTE=,1,
106,MDU6SXNzdWU0NjM0OTY3MjQ=,1, https://blog.csdn.net/zy_281870667/article/details/51604540
107,MDU6SXNzdWU0Njg5NTc4OTM=,1, & CAS
108,MDU6SXNzdWU0Nzc4MzkxMjc=,1,40Java
114,MDU6SXNzdWU1MDU1OTY0NzQ=,1,  
35,MDU6SXNzdWUzMjE0MDc5OTE=,2,
39,MDU6SXNzdWUzMjE4OTkxNjU=,2,
40,MDU6SXNzdWUzMjE5NTY2NjA=,2,
55,MDU6SXNzdWUzMjc5ODYzNTI=,2,JavaJava
