Número da Issue,ID,Quant. comentários,Título
5,MDU6SXNzdWUzMTg2NDI4OTc=,11,Consider english version.
94,MDU6SXNzdWU0NDA1MjgxMjA=,9,
50,MDU6SXNzdWUzMjQ2OTM0MDk=,9,
124,MDU6SXNzdWU1NDQxMTAyODM=,7,
45,MDU6SXNzdWUzMjI3MzMwNTc=,5,PHPer
119,MDU6SXNzdWU1MzQ1MTU5ODg=,4,
98,MDU6SXNzdWU0NDY0MDA4NTc=,4,
121,MDU6SXNzdWU1Mzg5MTYzMzc=,3,
61,MDU6SXNzdWUzMzYwNTY0MzQ=,3,DoS-Hash
58,MDU6SXNzdWUzMzI2OTM3Njc=,3,AOP
85,MDU6SXNzdWU0MDk2MDU3NjQ=,2,
84,MDU6SXNzdWU0MDQ1NzU5OTM=,2,Kubernetes
55,MDU6SXNzdWUzMjc5ODYzNTI=,2,JavaJava
40,MDU6SXNzdWUzMjE5NTY2NjA=,2,
39,MDU6SXNzdWUzMjE4OTkxNjU=,2,
35,MDU6SXNzdWUzMjE0MDc5OTE=,2,
114,MDU6SXNzdWU1MDU1OTY0NzQ=,1,  
108,MDU6SXNzdWU0Nzc4MzkxMjc=,1,40Java
107,MDU6SXNzdWU0Njg5NTc4OTM=,1, & CAS
106,MDU6SXNzdWU0NjM0OTY3MjQ=,1, https://blog.csdn.net/zy_281870667/article/details/51604540
105,MDU6SXNzdWU0NjIzNzg1MTE=,1,
100,MDU6SXNzdWU0NTEzMzM2OTY=,1,
91,MDU6SXNzdWU0MjUzMTA1MjM=,1,  12 
86,MDU6SXNzdWU0MTQ0NDc1OTg=,1,
78,MDU6SXNzdWUzNjgwMTg2MzY=,1,
75,MDU6SXNzdWUzNTg0NDQ3MTc=,1, 
74,MDU6SXNzdWUzNTY4NTg3MDE=,1,
60,MDU6SXNzdWUzMzMxNjY2Nzg=,1,consider adding link to the design patterns section
49,MDU6SXNzdWUzMjQ2MDg0MDI=,1,
38,MDU6SXNzdWUzMjE1MjY5NzU=,1,?
36,MDU6SXNzdWUzMjE0MjE3ODE=,1,
20,MDU6SXNzdWUzMjAxOTE1MTQ=,1, gitbook  
18,MDU6SXNzdWUzMTk3NzYxNDY=,1,
17,MDU6SXNzdWUzMTk3NzAwODg=,1,kmp  kpm
14,MDU6SXNzdWUzMTk0ODAwODA=,1,
12,MDU6SXNzdWUzMTk0MzkwMzc=,1,Redis   
11,MDU6SXNzdWUzMTkzODg3MzI=,1,
10,MDU6SXNzdWUzMTkzODcyNjE=,1,
7,MDU6SXNzdWUzMTkzNzExNTc=,1, ^_^
6,MDU6SXNzdWUzMTkyMTE4Mjk=,0,sharing code about plt
4,MDU6SXNzdWUzMTg2MTcyMzE=,1,vert.x
126,MDU6SXNzdWU1NTE3Njc2Njk=,0,
123,MDU6SXNzdWU1Mzk1NTI1MjM=,0,
122,MDU6SXNzdWU1MzkwMDkxMTM=,0,K8S~
118,MDU6SXNzdWU1MzM4Njc0MzY=,0,
116,MDU6SXNzdWU1MjEyNjgyNjY=,0,Saga
115,MDU6SXNzdWU1MTExMjA5NjM=,0,
113,MDU6SXNzdWU1MDAxNTM3Mjk=,0,
89,MDU6SXNzdWU0MTk3ODUyMjU=,0, web  squid  ATS 
83,MDU6SXNzdWUzOTYxNDUzOTU=,0,2018
